report_id,citation_key,narrative_roles,nominated_pair_id,nominated_manuscript_line,nominated_fact_paraphrase,primary_source_sha256,physical_pdf_pages_inspected,existing_source_evidence_ids,selected_existing_group_ids,existing_code_statuses,retention_basis,material_qualification_from_extraction,named_overlap_examples,scope_limit,retention_disposition,claim_support_judgement
2003_Quan_Haystack_A,2003_Quan_Haystack_A,historical,ILL-2003_Quan_Haystack_A-01,47,Configurable end-user semantic application platform,c9f12f86d98277969e2bc7e9357e1a610b3aaac166184e64f181d0efa3f87542,2,2003_Quan_Haystack_A-EV-250f77bb84ace5d4;2003_Quan_Haystack_A-EV-b00b341fa65ceb37,RQ1.interaction.I09_visual_configuration;RQ1.interaction.I11_curation_modifier,I09_visual_configuration:implemented_or_demonstrated;I11_curation_modifier:implemented_or_demonstrated,Early authoring/configuration anchor; no effectiveness comparison,"Not reported: participants, tasks, comparator, measures, results.",V3-02616,Only this nominated fact–context pair was target-checked; other current citation facts and synthesis conclusions are not certified.,retained_current_illustration_scoped,not_performed
V3-02616,2006_Berners-Lee_Tabulator_Exploring,principal;historical,ILL-V3-02616-01,329,Outliner navigation over linked resources,278514bc25c3ba54a478689a940b28913509117613ec8f4179533d684aba9413,5,V3-02616-EV-3f674372f66e97f7;V3-02616-EV-cb120f7d760b69ca;V3-02616-EV-f662e09ed173ac97,RQ1.interaction.I01_entity_navigation;RQ1.visualisation.V02_outline_tree;RQ3.access.A02_uri_dereference,I01_entity_navigation:implemented_or_demonstrated;V02_outline_tree:implemented_or_demonstrated;A02_uri_dereference:implemented_or_demonstrated,Outliner and dereferencing contrast with resource-centred graph canvases,"Not reported: participants, comparator. The report explicitly says usability tests of browser forms were not carried out; no controlled participant outcomes.",2012_Camarda_LodLive_exploring;2014_Micsik_LODmilla_Shared,Only this nominated fact–context pair was target-checked; other current citation facts and synthesis conclusions are not certified.,retained_current_illustration_scoped,not_performed
V3-01093,2006_Hildebrand_facet_A,principal;contrasting,ILL-V3-01093-01,334,Facets filter and connect resource types,331ea3d78c1a532f2c060071115ca97c9d64f605f106fae1b2ee89a67b927860,7,V3-01093-EV-3d6ea475c9bb4e6f;V3-01093-EV-ea9318a4506f1445,RQ1.interaction.I02_faceted_filtering;RQ2.guidance.G01_valid_next_step,I02_faceted_filtering:implemented_or_demonstrated;G01_valid_next_step:implemented_or_demonstrated,Multi-type facets and schema-closure condition contrast with endpoint discovery,"Not reported: participants, comparator, measures.",V3-02539;V3-01105,Only this nominated fact–context pair was target-checked; other current citation facts and synthesis conclusions are not certified.,retained_current_illustration_scoped,not_performed
V3-01230,2008_Heim_gFacet_A,boundary;contrasting,ILL-V3-01230-01,334,Music tasks grouped by prior facet knowledge,aa8f35b90a63251b915b9fd158cc35b9a193b67060ab8906d6317f782b7a1ca2,8,V3-01230-EV-c3eca22fd7781b2f,RQ1.interaction.I02_faceted_filtering;RQ4.evaluation.E04_single_system_user,I02_faceted_filtering:implemented_or_demonstrated;E04_single_system_user:implemented_or_demonstrated,Retains experience/task dependence without a browser comparison,Small sample; comparative tool evaluation was left as future work.,V3-01093,Only this nominated fact–context pair was target-checked; other current citation facts and synthesis conclusions are not certified.,retained_current_illustration_scoped,not_performed
V3-01014,2009_Araujo_Experimenting_with,principal;contrasting,ILL-V3-01014-01,334,Set operations over RDF resources,f71aa12ff212c149a3bc443dc4ab7a38e4a83c52fb9ef5bd5248a4311044003d,2,V3-01014-EV-0820cd5d33295874;V3-01014-EV-3c58ea24044d9765;V3-01014-EV-72090370d6e32d06,RQ1.interaction.I01_entity_navigation;RQ1.interaction.I03_visual_query;RQ1.visualisation.V03_table_list,I01_entity_navigation:implemented_or_demonstrated;I03_visual_query:implemented_or_demonstrated;V03_table_list:implemented_or_demonstrated,Set manipulation differs from facet selection; qualitative difficulties remain,Not reported: comparator. Small exploratory sample; authors explicitly avoid conclusions about learning curve.,V3-01093;V3-01230,Only this nominated fact–context pair was target-checked; other current citation facts and synthesis conclusions are not certified.,retained_current_illustration_scoped,not_performed
V3-02248,2009_Heim_RelFinder_Revealing,principal;boundary,ILL-V3-02248-01,331,Connecting relationships found through SPARQL searches,b67ca7055d66eea67513c26f50f205e4b02f25b36208c1e4a96c8a20b0942e39,4,V3-02248-EV-5cfb882095a9cd7f;V3-02248-EV-bdc76036accd37a3,RQ1.interaction.I01_entity_navigation;RQ3.scalability.S05_strategy_only,I01_entity_navigation:implemented_or_demonstrated;S05_strategy_only:implemented_or_demonstrated,Path search and its bounds differ from neighbor expansion,"Not reported: participants, comparator, measures, results.",V3-02616;2012_Camarda_LodLive_exploring,Only this nominated fact–context pair was target-checked; other current citation facts and synthesis conclusions are not certified.,retained_current_illustration_scoped,not_performed
2012_Camarda_LodLive_exploring,2012_Camarda_LodLive_exploring,contrasting;historical;demo,ILL-2012_Camarda_LodLive_exploring-01,329,Configured linked-resource expansion and sameAs navigation,5c6f7f106336d24d466f4e7890bc878b84f2a69225f4b1c6db76173605ae7ec0,2,2012_Camarda_LodLive_exploring-EV-2fa5ef746aa63136;2012_Camarda_LodLive_exploring-EV-42cba4f09517b1dc;2012_Camarda_LodLive_exploring-EV-c4430b83ae080450,RQ1.interaction.I01_entity_navigation;RQ1.visualisation.V01_node_link;RQ3.access.A01_endpoint_query,I01_entity_navigation:implemented_or_demonstrated;V01_node_link:implemented_or_demonstrated;A01_endpoint_query:implemented_or_demonstrated,Resource graph expansion differs from outliners and saved editable canvases,"Not reported: participants, comparator, measures, results.",V3-02616;2014_Micsik_LODmilla_Shared,Only this nominated fact–context pair was target-checked; other current citation facts and synthesis conclusions are not certified.,retained_current_illustration_scoped,not_performed
2013_Klimek_Payola_collaborative,2013_Klimek_Payola_collaborative,historical;demo;contrasting,ILL-2013_Klimek_Payola_collaborative-01,305,Analysis plugins feed result visualization plugins,586d5092e55f9f05b13289cfcc3bd24cd5925914756fb694f3f42cafe0ff443f,2,2013_Klimek_Payola_collaborative-EV-1d6d8620c701025d;2013_Klimek_Payola_collaborative-EV-64d13f74f7dfcc4c,RQ1.interaction.I09_visual_configuration;RQ1.interaction.I10_reuse_history;RQ2.interaction.I10_reuse_history,I09_visual_configuration:implemented_or_demonstrated;I10_reuse_history:implemented_or_demonstrated;I10_reuse_history:implemented_or_demonstrated,"Pipeline/plugin configuration is a distinct historical route, not a usability score","Not reported: participants, comparator. Participant count, questionnaire and quantitative outcomes are not reported.",2015_Skjveland_Sgvizler_a;V3-02215,Only this nominated fact–context pair was target-checked; other current citation facts and synthesis conclusions are not certified.,retained_current_illustration_scoped,not_performed
2013_Rietveld_YASGUI_Not,2013_Rietveld_YASGUI_Not,principal;contrasting,ILL-2013_Rietveld_YASGUI_Not-01,343,"Textual editing, completion and retained queries",aaf7bfb86264957cbada857bc19adbbfaf91d0fb53071f364620cd0999f344ef,2,2013_Rietveld_YASGUI_Not-EV-482e8629a57fc753;2013_Rietveld_YASGUI_Not-EV-6a51eacd59ffb21d;2013_Rietveld_YASGUI_Not-EV-73d36d9a008c7185,RQ1.interaction.I04_text_query;RQ1.interaction.I10_reuse_history;RQ2.interaction.I10_reuse_history;RQ2.guidance.G02_lexical_completion,I04_text_query:implemented_or_demonstrated;I10_reuse_history:implemented_or_demonstrated;I10_reuse_history:implemented_or_demonstrated;G02_lexical_completion:implemented_or_demonstrated,Client persistence contrasts with visual query construction; feature comparisons are bounded,Not reported: participants. Feature comparison does not establish superior user task performance.,V3-02946;V3-00220,Only this nominated fact–context pair was target-checked; other current citation facts and synthesis conclusions are not certified.,retained_current_illustration_scoped,not_performed
2014_Micsik_LODmilla_Shared,2014_AMA_LODmilla_Shared,principal;boundary;historical,ILL-2014_Micsik_LODmilla_Shared-01,329,Saved/shared graph selection and undo,0fee7b875e82e6e1eac20e0486bd3bbe615fafa20751837f576c6ca16e0ddee3,7,2014_Micsik_LODmilla_Shared-EV-5ccc9fe78c202aad;2014_Micsik_LODmilla_Shared-EV-d7debb1849e7fac0,RQ1.interaction.I01_entity_navigation;RQ1.interaction.I10_reuse_history;RQ2.interaction.I10_reuse_history;RQ3.scalability.S05_strategy_only,I01_entity_navigation:implemented_or_demonstrated;I10_reuse_history:implemented_or_demonstrated;I10_reuse_history:implemented_or_demonstrated;S05_strategy_only:implemented_or_demonstrated,State restoration and bounded traversal add scope beyond another graph view,"Not reported: participants, comparator, measures, results.",2012_Camarda_LodLive_exploring;V3-02616,Only this nominated fact–context pair was target-checked; other current citation facts and synthesis conclusions are not certified.,retained_current_illustration_scoped,not_performed
V3-02215,2014_Bikakis_rdfSynopsViz_a,principal;historical;demo;boundary,ILL-V3-02215-01,395,Hierarchical grouping for numeric/date abstraction,13d122386ba8ef3ac67cabb169bebb87cd3dffc3cc64bf6d9accd345f9ebfe1f,2,V3-02215-EV-1c45ad9ce0fbd60b;V3-02215-EV-6da523f24b6291d9;V3-02215-EV-7b444f39e81cc0df,RQ1.interaction.I02_faceted_filtering;RQ1.visualisation.V06_statistical_chart;RQ3.scalability.S05_strategy_only,I02_faceted_filtering:implemented_or_demonstrated;V06_statistical_chart:implemented_or_demonstrated;S05_strategy_only:implemented_or_demonstrated,Grouping differs from traversal/profile strategies; no timing benchmark inferred,"Not reported: participants, comparator, measures, results. Claims of efficient large-dataset handling are not accompanied by measured benchmarks in this report.",2014_Micsik_LODmilla_Shared;V3-01058,Only this nominated fact–context pair was target-checked; other current citation facts and synthesis conclusions are not certified.,retained_current_illustration_scoped,not_performed
V3-01723,2014_Lukovnikov_LD_Viewer,historical;contrasting,ILL-V3-01723-01,305,Action-based configuration around triples,de78f12d77d7db99436dbeda0e3840be968ce0ba7e96c10111de91e05f5b3380,6,V3-01723-EV-55ca104dbb38c821,RQ2.guidance.G06_context_explanation,G06_context_explanation:implemented_or_demonstrated,A configurable presentation/action route; no extra controlled comparison,Not reported: comparator. Small sample biased toward technically knowledgeable visitors; endpoint availability may affect responsiveness.,2012_Camarda_LodLive_exploring;V3-01799,Only this nominated fact–context pair was target-checked; other current citation facts and synthesis conclusions are not certified.,retained_current_illustration_scoped,not_performed
2015_Jayaram_VIIQ_auto-suggestion,2015_Jayaram_VIIQ_auto-suggestion,principal;contrasting,ILL-2015_Jayaram_VIIQ_auto-suggestion-01,371,Ranked edges during partial graph-query formulation,879166beda5557301b676c2936b2c11f40512425f0bd8a6126cf5cd8a860bf50,3,2015_Jayaram_VIIQ_auto-suggestion-EV-39540c4e4a6a2f44;2015_Jayaram_VIIQ_auto-suggestion-EV-4b2e7318248dbb30,RQ1.interaction.I03_visual_query;RQ2.guidance.G03_semantic_ranking,I03_visual_query:implemented_or_demonstrated;G03_semantic_ranking:implemented_or_demonstrated,Ranked relevance differs from guaranteed nonempty refinements,Not reported: participants. Preliminary query set; no controlled usability participant study reported.,V3-02539;V3-01265,Only this nominated fact–context pair was target-checked; other current citation facts and synthesis conclusions are not certified.,retained_current_illustration_scoped,not_performed
2015_Skjveland_Sgvizler_a,2015_Skjaeveland_Sgvizler_a,historical;demo;contrasting,ILL-2015_Skjveland_Sgvizler_a-01,305,Configurable rendering of SPARQL results in web pages,c310c500adcc35259db50d7c45c912be8b0b9b709a0a51eec82a78105bdc5aad,2,2015_Skjveland_Sgvizler_a-EV-59b4869fdc8e966c;2015_Skjveland_Sgvizler_a-EV-78a52c8c0e668f95,RQ1.interaction.I09_visual_configuration;RQ1.visualisation.V06_statistical_chart,I09_visual_configuration:implemented_or_demonstrated;V06_statistical_chart:implemented_or_demonstrated,Chart embedding route; publication/event dates stay distinct,"Not reported: participants, tasks, comparator, measures, results.",2013_Klimek_Payola_collaborative;V3-02215,Only this nominated fact–context pair was target-checked; other current citation facts and synthesis conclusions are not certified.,retained_current_illustration_scoped,not_performed
2015_Thellmann_LinkDaViz_Automatic,2015_Thellmann_LinkDaViz_Automatic,principal;boundary,ILL-2015_Thellmann_LinkDaViz_Automatic-01,401,Selected dataset above 300 million triples caused visualization failure,b2ff4bf22dbdfaf464fd2e0acbf251e077e4531f01fe539fef4a85fc447b7a6f,15,2015_Thellmann_LinkDaViz_Automatic-EV-4cd6a37783a52cb9;2015_Thellmann_LinkDaViz_Automatic-EV-bcadf95f13b782b8,RQ2.guidance.G07_visualisation_recommendation;RQ3.scalability.S02_measured_resource;RQ4.evaluation.E04_single_system_user,G07_visualisation_recommendation:implemented_or_demonstrated;S02_measured_resource:implemented_or_demonstrated;E04_single_system_user:implemented_or_demonstrated,Explicit resource failure prevents a success-only scalability narrative,Not reported: comparator. No comparison with another visualization tool; recommendation quality sensitive to dataset quality.,V3-02367;V3-01056,Only this nominated fact–context pair was target-checked; other current citation facts and synthesis conclusions are not certified.,retained_current_illustration_scoped,not_performed
V3-02539,2017_Ferre_Sparklis_An,principal;boundary;contrasting,ILL-V3-02539-01,364,Instance-context refinements avoid empty results in the described Sparklis workflow.,d93691093c6aaf8b7a816160a8ac65e009639d906a2b762eabaebb1e167666a8,3,V3-02539-EV-1ca312803cb83c61;V3-02539-EV-2d002f4d8993cc74;V3-02539-EV-d96f613b4a83fa87,RQ1.interaction.I05_controlled_language;RQ2.guidance.G01_valid_next_step;RQ3.access.A01_endpoint_query,I05_controlled_language:implemented_or_demonstrated;G01_valid_next_step:implemented_or_demonstrated;A01_endpoint_query:implemented_or_demonstrated,Instance-context guidance; IP logs are not participants and partial-result bounds matter,IPs do not identify individuals reliably; optional logging underestimates use; earlier user-study sample is not reported here.,V3-02209;V3-01118,Only this nominated fact–context pair was target-checked; other current citation facts and synthesis conclusions are not certified.,retained_current_illustration_scoped,not_performed
V3-02946,2018_Cerans_ViziQuer_A,principal;contrasting;boundary,ILL-V3-02946-01,341,Version-specific advanced query constructs,73031bbbe37883cfd0da774d95a4abb9a968e565f7f7d35c3a6cf09547cb8b9d,3,V3-02946-EV-5e3aa70700fb8cb8;V3-02946-EV-8926b09fdf5958d2,RQ1.interaction.I03_visual_query;RQ2.guidance.G02_lexical_completion,I03_visual_query:implemented_or_demonstrated;G02_lexical_completion:implemented_or_demonstrated,2018 composition/constructs differ from 2017 interpretation and 2022 construction/conversion,Small preliminary study; allocation randomization not reported.,V3-01077;V3-01013,Only this nominated fact–context pair was target-checked; other current citation facts and synthesis conclusions are not certified.,retained_current_illustration_scoped,not_performed
V3-00132,2018_Durao_A_Linked,principal;contrasting,ILL-V3-00132-01,373,Recommendations based on liked resources,30d973cd15bed79799370ea2782725bdfafba4978abd6ac1f6ea3e5821045867,2,V3-00132-EV-51d0b4d53813b0fc;V3-00132-EV-ffe38cce12c23653,RQ2.guidance.G03_semantic_ranking;RQ2.guidance.G08_personalisation,G03_semantic_ranking:implemented_or_demonstrated;G08_personalisation:implemented_or_demonstrated,Profile-driven suggestions contrast with explicit slider/category controls,Offline one-plus-random protocol uses49 random negatives; trial population limited to Brazilian students/researchers.,V3-00694;V3-01126,Only this nominated fact–context pair was target-checked; other current citation facts and synthesis conclusions are not certified.,retained_current_illustration_scoped,not_performed
V3-01799,2018_Jacksi_LOD_Explorer,historical;contrasting,ILL-V3-01799-01,305,Configured expansion bound plus undo,390d6b6e28a8f1359e1fa45538ff3bcbfac73638ccc837fa11a75340da3a107f,5,V3-01799-EV-c8eb86fe4f0e1bf6;V3-01799-EV-f9a63337b67281da;V3-01799-EV-ffa06cd9cf3c4a9f,RQ1.interaction.I01_entity_navigation;RQ1.interaction.I10_reuse_history;RQ2.interaction.I10_reuse_history;RQ3.scalability.S05_strategy_only,I01_entity_navigation:implemented_or_demonstrated;I10_reuse_history:implemented_or_demonstrated;I10_reuse_history:implemented_or_demonstrated;S05_strategy_only:implemented_or_demonstrated,Bounded expansion adds a specific historical condition; survey use is not effectiveness,Not reported: comparator. Self-selected respondents; no task-performance comparator or inferential comparison reported.,2012_Camarda_LodLive_exploring;2014_Micsik_LODmilla_Shared,Only this nominated fact–context pair was target-checked; other current citation facts and synthesis conclusions are not certified.,retained_current_illustration_scoped,not_performed
V3-02209,2019_Vargas_RDF_Explorer,principal;demo;contrasting,ILL-V3-02209-01,364,Property choices derived from current query-node data,5c1ba55e1b1dbbc87ecb330cde9d1286d6ac2dbd5d54d7311b4d63391db9bf14,2,V3-02209-EV-41691e9b502003c5;V3-02209-EV-54190afc993cbba6,RQ1.interaction.I03_visual_query;RQ2.guidance.G01_valid_next_step,I03_visual_query:implemented_or_demonstrated;G01_valid_next_step:implemented_or_demonstrated,Data-aware visual refinement; separate companion research outcomes not imported,"Not reported: participants, comparator, measures, results. The local4-page report points to a separate research paper; do not import that companion paper’s results without reading it.",V3-02539;2015_Jayaram_VIIQ_auto-suggestion,Only this nominated fact–context pair was target-checked; other current citation facts and synthesis conclusions are not certified.,retained_current_illustration_scoped,not_performed
V3-01265,2020_Lissandrini_Graph-Query_Suggestions,principal;boundary;contrasting,ILL-V3-01265-01,371,Single-exemplar rankings do not establish improvement over random,d08839bec83563f6a70fb9b14651f6ef4b8056afb22c714c0f021b37eb2c4890,6,V3-01265-EV-0907c8f7f4210f70;V3-01265-EV-b85bd6e55b8f04e7,RQ2.guidance.G03_semantic_ranking;RQ3.scalability.S01_measured_runtime;RQ4.evaluation.E06_offline_accuracy,G03_semantic_ranking:implemented_or_demonstrated;S01_measured_runtime:implemented_or_demonstrated;E06_offline_accuracy:implemented_or_demonstrated,Null/context-dependent case; ranking judgments and component timing are separate units,"Ranking judgments are not end-to-end exploration task success; unique crowd-worker count is not reported. The text prints NDCG around5.5, inconsistent with Figure3 scale; that number is not used.",2015_Jayaram_VIIQ_auto-suggestion;V3-01118,Only this nominated fact–context pair was target-checked; other current citation facts and synthesis conclusions are not certified.,retained_current_illustration_scoped,not_performed
2021_Destandau_S-Paths_Set-based,2021_Destandau_S-Paths_Set-based,principal;boundary,ILL-2021_Destandau_S-Paths_Set-based-01,336,Set-based views configured from semantic paths,3db9f05e468a90ede9472fcf27bfb96ed1af095daadbe1d65871008e0c71984b,4,2021_Destandau_S-Paths_Set-based-EV-1d85c8e9099ffe4a;2021_Destandau_S-Paths_Set-based-EV-211685eb95366197;2021_Destandau_S-Paths_Set-based-EV-773d0698b034b263,RQ1.interaction.I08_coordinated_analysis;RQ1.visualisation.V11_coordinated_views;RQ2.guidance.G07_visualisation_recommendation,I08_coordinated_analysis:implemented_or_demonstrated;V11_coordinated_views:implemented_or_demonstrated;G07_visualisation_recommendation:implemented_or_demonstrated,Aggregate-view operation; inconsistent session/persona counts retained,Not reported: comparator. Reported9 sessions disagree with persona counts summing8; questionnaire says7 participants although listed lay/reuser counts sum6. Task success/time not analyzed due small sample.,V3-02367,Only this nominated fact–context pair was target-checked; other current citation facts and synthesis conclusions are not certified.,retained_current_illustration_scoped,not_performed
V3-01118,2021_Parra_Fast_Approximate,principal;boundary;contrasting,ILL-V3-01118-01,366,Approximate suggestion precision and false positives,a2c9b2fcd79db35d5fe3c04f44d1655706dc34d9de4a7ab6ef21a3d7fa6e0904,12,V3-01118-EV-afbf8b0b043dc8be;V3-01118-EV-de85b1a545079e40,RQ2.guidance.G02_lexical_completion;RQ3.scalability.S01_measured_runtime;RQ4.evaluation.E06_offline_accuracy,G02_lexical_completion:implemented_or_demonstrated;S01_measured_runtime:implemented_or_demonstrated;E06_offline_accuracy:implemented_or_demonstrated,Retains false positives and snapshot/preprocessing conditions alongside speed,Not reported: participants. Preliminary Wikidata-only experiment; stale summary caused imperfect recall; false-positive suggestions and preprocessing burden remain.,V3-02539;V3-02209;V3-01265,Only this nominated fact–context pair was target-checked; other current citation facts and synthesis conclusions are not certified.,retained_current_illustration_scoped,not_performed
V3-01936,2021_Witschel_Natural_Language-based,principal;boundary,ILL-V3-01936-01,380,Recommendations sometimes chosen without sufficient context,0734bb40b66db10e62d43a11552321d06bf26edde66686012b624b23074985f4,6,V3-01936-EV-82e0b5ebf6c77cf1,RQ2.guidance.G03_semantic_ranking;RQ2.guidance.G09_language_generation;RQ4.evaluation.E05_comparative_user,G03_semantic_ranking:implemented_or_demonstrated;G09_language_generation:implemented_or_demonstrated;E05_comparative_user:implemented_or_demonstrated,Observed recovery/context problem in ten-person qualitative study; insights not diagnostic accuracy,Small sample explicitly framed as qualitative; no general quantitative effectiveness claim; strange recommendations and context-selection errors affected interaction.,V3-02585;V3-00696,Only this nominated fact–context pair was target-checked; other current citation facts and synthesis conclusions are not certified.,retained_current_illustration_scoped,not_performed
V3-02585,2022_Grether_Studying_Interaction,contrasting;boundary,ILL-V3-02585-01,380,Different navigation preferences despite clustering preference for orientation,02fa3bfe7c23fe2cfb19f15157b1d8ada7655e45f0f5926d820dba1a429063a6,6,V3-02585-EV-06fbfe8a6e24c5bb;V3-02585-EV-5d39bcbf11619d3a;V3-02585-EV-676fea854e9bc62e,RQ1.interaction.I08_coordinated_analysis;RQ2.guidance.G10_orientation_feedback;RQ4.evaluation.E03_formative_user,I08_coordinated_analysis:implemented_or_demonstrated;G10_orientation_feedback:implemented_or_demonstrated;E03_formative_user:implemented_or_demonstrated,Explicit absence of common navigation preference in a domain-specific qualitative sample,"Small domain-specific sample, unchanged scenario and qualitative observations limit generalization.",V3-01936,Only this nominated fact–context pair was target-checked; other current citation facts and synthesis conclusions are not certified.,retained_current_illustration_scoped,not_performed
V3-02367,2022_Ikkala_Sampo-UI_A,principal;boundary,ILL-V3-02367-01,336,Filtering separated from analytical application perspectives,f97e0dd0b54ef2b0d316d7911eea7093e70d84c98804cc4ef38742aa74e00f32,8,V3-02367-EV-007a5f646be45239;V3-02367-EV-1f2b9114695cc16f;V3-02367-EV-81278a6921a5b3e9;V3-02367-EV-f18af12cfcf937f5,RQ1.interaction.I02_faceted_filtering;RQ1.interaction.I08_coordinated_analysis;RQ1.visualisation.V11_coordinated_views;RQ3.access.A01_endpoint_query,I02_faceted_filtering:implemented_or_demonstrated;I08_coordinated_analysis:implemented_or_demonstrated;V11_coordinated_views:implemented_or_demonstrated;A01_endpoint_query:implemented_or_demonstrated,Configured components and deployment sizes differ from automatic endpoint discovery; no latency inferred,Deployment/adoption counts do not establish comparative usability or causal efficiency gains.,V3-02539;2021_Destandau_S-Paths_Set-based,Only this nominated fact–context pair was target-checked; other current citation facts and synthesis conclusions are not certified.,retained_current_illustration_scoped,not_performed
V3-00220,2025_Emonet_A_User-Friendly,principal;contrasting;demo,ILL-V3-00220-01,343,"Metadata-driven examples, completion and schema visualization",4d624856e7d6ce1d887b54b4c334faf6af84e39e72d9ce32ce73b67b5b4dc1e0,2,V3-00220-EV-0d1f73647eb184fa;V3-00220-EV-2c90e22cc5369e9a;V3-00220-EV-ba6747510f3ece5c,RQ1.interaction.I04_text_query;RQ2.guidance.G02_lexical_completion;RQ2.guidance.G05_template_entry,I04_text_query:implemented_or_demonstrated;G02_lexical_completion:implemented_or_demonstrated;G05_template_entry:implemented_or_demonstrated,Text editor extension requiring metadata and SPARQL familiarity,"Not reported: participants, comparator. Tool targets SPARQL-savvy users; subject type must be explicit for full property autocomplete; no controlled usability study or measured query-latency benchmark reported.",2013_Rietveld_YASGUI_Not,Only this nominated fact–context pair was target-checked; other current citation facts and synthesis conclusions are not certified.,retained_current_illustration_scoped,not_performed
V3-00633,V3-00633,principal;boundary,ILL-V3-00633-01,368,Formal entity comparison through conjunctive queries,2c11bbe0e3b8df68f115c2465fd5e636a8b169cb6a990cb4229408f58b73826b,2,V3-00633-EV-216954f88cb7d248;V3-00633-EV-cbddf7da7783b1d9,RQ2.guidance.G03_semantic_ranking;RQ4.evaluation.E09_formal_analysis,G03_semantic_ranking:proposed_method;E09_formal_analysis:implemented_or_demonstrated,In-scope formal guidance without an implemented graphical workflow or tested user benefit,"Not reported: participants, comparator, measures. Usabilitytests andreal-worldimplementation planned; sourceexamplefacts are illustration, not correctness/userbenchmark.",V3-01110,Only this nominated fact–context pair was target-checked; other current citation facts and synthesis conclusions are not certified.,retained_current_illustration_scoped,not_performed
V3-00694,V3-00694,principal;contrasting,ILL-V3-00694-01,373,Topic weights exposed as profile sliders,e9c96eec60832b547498dd187c8b4ad8297cfe3f9aaff61f939b0597b78e9ecd,4,V3-00694-EV-039e3173416576d7;V3-00694-EV-46a5b70b615e2d13,RQ2.guidance.G06_context_explanation;RQ2.guidance.G08_personalisation,G06_context_explanation:implemented_or_demonstrated;G08_personalisation:implemented_or_demonstrated,Inspectable personalization controls; source researchers are not participants,"Not reported: participants, comparator, measures, results. 180researchers are sourceentities,notparticipants; previousopenusermodelstudies are literature. Newlyloggedbehaviorbasedcarouselrecommendations/explanations are nextiteration,not current evaluatedfeature.",V3-00132;V3-01126,Only this nominated fact–context pair was target-checked; other current citation facts and synthesis conclusions are not certified.,retained_current_illustration_scoped,not_performed
V3-00696,V3-00696,principal;boundary,ILL-V3-00696-01,378,Randomly assigned interface sequences across two groups,6e20f7c340b3b58b089257c2355d382aaf1d7a997b0328a6eaa1bef38cc3c322,6,V3-00696-EV-0c37007ebede1ecb;V3-00696-EV-24338c55c338442f;V3-00696-EV-4009ce53cf1c1c0a;V3-00696-EV-4ba2ac9754278d45;V3-00696-EV-d3616cf879172bfe;V3-00696-EV-e49ff05b0207ace0,RQ1.interaction.I06_free_language;RQ2.guidance.G09_language_generation;RQ4.evaluation.E05_comparative_user,I06_free_language:implemented_or_demonstrated;G09_language_generation:implemented_or_demonstrated;E05_comparative_user:implemented_or_demonstrated,Constrained guidance and counterbalanced interface order with fixed scenarios/descriptive outcomes,"The sample is narrow (40 participants aged 20–29, university/social-network recruitment) and tasks are two predefined scholarly-NLP scenarios. Each participant uses a given scenario with one interface only; interface assignment/order is counterbalanced while described scenario order stays Scenario 1 then Scenario 2. No outcome-specific analytic N, attrition, objective human retrieval-accuracy score, task-time improvement, inferential significance test, confidence interval or standardized effect size is reported. Preserve the approximately-10-minute versus up-to-8-minute timing inconsistency. Reported interaction problems include difficulty learning the three-phase flow, unclear buttons versus free text, and backtracking. Component scores concern synthetic topic questions / abstract-sentence classification, not human search effectiveness.",V3-01936;V3-01155,Only this nominated fact–context pair was target-checked; other current citation facts and synthesis conclusions are not certified.,retained_current_illustration_scoped,not_performed
V3-00740,V3-00740,principal;boundary;demo,ILL-V3-00740-01,463,Confidence observations combined through stated aggregation,5e7103d6b7963d4f3f2a0b143bd0c5f3eb016b2a9807b9cfabfd26e9b470ae51,5,V3-00740-EV-7bb35b187a69385a;V3-00740-EV-9411d7346cef6087;V3-00740-EV-b45a929d9d3a6ef9,RQ1.interaction.I01_entity_navigation;RQ2.guidance.G06_context_explanation;RQ2.guidance.G10_orientation_feedback,I01_entity_navigation:implemented_or_demonstrated;G06_context_explanation:implemented_or_demonstrated;G10_orientation_feedback:implemented_or_demonstrated,Assumptions qualify confidence; examples are not calibrated probabilities,"Not reported: participants, comparator, measures. No calibratedconfidence/userstudy orlatency; Stouffer method assumesindependentobservations. p6sentencefilterout>=.75 conflictswithFig3captionshowing>.75; retainthresholdmechanism withoutpromoting ambiguouspolarity. ReDrugSpriorfindingsnotnewcohort.",V3-02469,Only this nominated fact–context pair was target-checked; other current citation facts and synthesis conclusions are not certified.,retained_current_illustration_scoped,not_performed
V3-00949,V3-00949,principal;boundary,ILL-V3-00949-01,392,"SPARQL, Gremlin and full-text components",4a9c948af0409ed4fe8fd27ed992755a7c74318be9866f55675c66d41fb0e04a,30,V3-00949-EV-24d19ef825d3f978;V3-00949-EV-4615400f728f1fd1;V3-00949-EV-86c41480d1988d06,RQ2.guidance.G06_context_explanation;RQ3.data_model.B01_rdf;RQ3.access.A06_projection_cache,G06_context_explanation:implemented_or_demonstrated;B01_rdf:implemented_or_demonstrated;A06_projection_cache:implemented_or_demonstrated,Hybrid projection/provenance architecture; Cypher background is not implementation,"Not reported: comparator. SmallN,noalternativebaseline/scoredresulttables; sourcequalitativeoutcomesnotcausalcomparativebenefit. Requirementsandtrialsubjects distinctsamples withoverlapnotestablished.",V3-02383,Only this nominated fact–context pair was target-checked; other current citation facts and synthesis conclusions are not certified.,retained_current_illustration_scoped,not_performed
V3-01013,V3-01013,contrasting;boundary,ILL-V3-01013-01,447,Separate conversion exercise of 150 QALD-9 queries,4a9c948af0409ed4fe8fd27ed992755a7c74318be9866f55675c66d41fb0e04a,66,V3-01013-EV-0dc1c804b7e472a5;V3-01013-EV-6725eb2eb8525f29;V3-01013-EV-e28fa81114af31a0,RQ1.interaction.I03_visual_query;RQ4.evaluation.E04_single_system_user;RQ4.evaluation.E06_offline_accuracy,I03_visual_query:implemented_or_demonstrated;E04_single_system_user:implemented_or_demonstrated;E06_offline_accuracy:implemented_or_demonstrated,Query objects distinguished from ten-person construction trial and manual adjustments,Not reported: comparator. Sourcequerynumbertypo9/10 notsilentlyreassigned; counts5/6notresolvedperquery. No comparator/time/SUS; failuremostlydataencodingchoice.146/150notfullyautomaticlayoutendtoend;150queriesnotparticipants.,V3-01077;V3-02946,Only this nominated fact–context pair was target-checked; other current citation facts and synthesis conclusions are not certified.,retained_current_illustration_scoped,not_performed
V3-01056,V3-01056,principal;boundary,ILL-V3-01056-01,399,Hardware-specific materialization/facet timing,7d349bcdc18e14a364a48a3eb3f3e6cfc2ccb4a965cedf97807d24355d563db9,4,V3-01056-EV-3713c5ff772c4501;V3-01056-EV-80e59aad76215765;V3-01056-EV-923ce56ca921685c,RQ1.interaction.I02_faceted_filtering;RQ3.scalability.S01_measured_runtime;RQ4.evaluation.E07_performance,I02_faceted_filtering:implemented_or_demonstrated;S01_measured_runtime:implemented_or_demonstrated;E07_performance:implemented_or_demonstrated,Printed 38.00-second case retained; no universal interaction latency,"Not reported: participants. 8-coreAMDFX8350,32GBRAM,two10kRPM SATAdisks,OracleEnterpriseLinux5;query/row/hardware-specific,noglobalinteractiveguaranteeorhumanusability. Bitmapsecondcase38s ispreserved,notcorrectedto3.8.",V3-01765;V3-01118,Only this nominated fact–context pair was target-checked; other current citation facts and synthesis conclusions are not certified.,retained_current_illustration_scoped,not_performed
V3-01058,V3-01058,principal;boundary;demo,ILL-V3-01058-01,395,Faceted exploration of imported graph-pattern profiles,ae8f4e6a54dad382c604f8e2b97243a099300f011950ba88de04994595249027,2,V3-01058-EV-37145083dcabf693;V3-01058-EV-9f220e0b34ecb9fe;V3-01058-EV-dd349d667ae10d8b,RQ1.interaction.I02_faceted_filtering;RQ1.visualisation.V01_node_link;RQ3.scalability.S05_strategy_only,I02_faceted_filtering:implemented_or_demonstrated;V01_node_link:implemented_or_demonstrated;S05_strategy_only:implemented_or_demonstrated,Precomputed structural profiling; processing threshold not measured visible-graph limit,"Not reported: participants, comparator, measures. Pattern/computationexamplesnotindependentusabilityevidence; scopeofunfinishedfeaturesunspecified,do notinferalltablefeaturesexternallyvalidated.",V3-02215;2014_Micsik_LODmilla_Shared,Only this nominated fact–context pair was target-checked; other current citation facts and synthesis conclusions are not certified.,retained_current_illustration_scoped,not_performed
V3-01077,V3-01077,contrasting;boundary,ILL-V3-01077-01,447,Interpretation of static visual queries,9336fc52074b3d309db62937e885611db6b29f13933cc239019610831a460caf,10,V3-01077-EV-104617750e96d2da;V3-01077-EV-bf26672360d6ae25,RQ1.interaction.I03_visual_query;RQ4.evaluation.E04_single_system_user,I03_visual_query:implemented_or_demonstrated;E04_single_system_user:implemented_or_demonstrated,Outcome distinct from construction/conversion; students plus teacher retained as reported,"Not reported: comparator. SmallN,toydata/staticqueryinterpretation,nocomparatororquestionnaire/latency. Teacherincludedin7total,not7studentsplusone;notpooledwithotherViziQuercohorts.",V3-02946;V3-01013,Only this nominated fact–context pair was target-checked; other current citation facts and synthesis conclusions are not certified.,retained_current_illustration_scoped,not_performed
V3-01105,V3-01105,principal;boundary;contrasting,ILL-V3-01105-01,336,Facet constraints and pivot steps retained,f29df1b951777602db9b6fad376e071fe70730c39097f1a48fdea8469c816ed0,10,V3-01105-EV-02eceb2fc34fe0ee;V3-01105-EV-05a86f19db5c0f2a,RQ1.interaction.I01_entity_navigation;RQ1.interaction.I02_faceted_filtering,I01_entity_navigation:implemented_or_demonstrated;I02_faceted_filtering:implemented_or_demonstrated,Continuity through pivoting; redesign rounds/tasks/populations are not matched causal comparison,"Differentnewparticipantsandhistoricalround/taskwording,smallgroups,norandomization/inferentialtestreported; do notpresentcausal30%benefit. Initialsixrequiredhelpatleastonceandstartedfromactors; detailedpriorbaselineinexternalrefsunreadhere.",V3-01093;V3-02367,Only this nominated fact–context pair was target-checked; other current citation facts and synthesis conclusions are not certified.,retained_current_illustration_scoped,not_performed
V3-01110,V3-01110,principal;boundary,ILL-V3-01110-01,368,Shape blueprints generate ASK/SELECT/CONSTRUCT,572cfb2d94f4ccda697b651c7b62a9008b3fd73b3dac971a8c5d5479c516b062,5,V3-01110-EV-a7a5a8a036f14a63,RQ2.guidance.G05_template_entry,G05_template_entry:implemented_or_demonstrated,Formal generation route with recursion/import limitations and no user-effect claim,"Not reported: participants, comparator, measures. Examplesderivedfromontologies,notmeasuredRDFinstances/results. Currenttoolrecursionunsupported,limitedcardinalityoptionality/exclusivity,noimports; allcardinalityfuture. Do notpromoteschema-conformanceclaimsintoempiricalvalidityguarantees.",V3-00633;V3-01155,Only this nominated fact–context pair was target-checked; other current citation facts and synthesis conclusions are not certified.,retained_current_illustration_scoped,not_performed
V3-01117,V3-01117,principal;boundary,ILL-V3-01117-01,382,Source error/response information during concurrent requests,a58a62c945ef279ae361ecdd58175b8b52f66ed5347d1147a3e1c20792aacb0a,8,V3-01117-EV-77d08ef601e012cd;V3-01117-EV-d463023c1a47993d,RQ2.guidance.G10_orientation_feedback;RQ3.access.A04_federation,G10_orientation_feedback:implemented_or_demonstrated;A04_federation:implemented_or_demonstrated,Progress/state feedback without inferring federated joins or usability effects,"Not reported: participants, comparator, measures. Empiricalcomparison/userstudies/formalization expresslyfuture. Illustrative80/100%statusvaluesnotlatencybench; ReactivitynotautomaticproofbetterUX/semanticreconciliation.",2014_Micsik_LODmilla_Shared,Only this nominated fact–context pair was target-checked; other current citation facts and synthesis conclusions are not certified.,retained_current_illustration_scoped,not_performed
V3-01126,V3-01126,principal;boundary;contrasting,ILL-V3-01126-01,443,Longer task duration alongside higher SUS,08b4fb1429abeb1ca03e5a2336d015012436908103477fb164fe13873e6fcec1,10,V3-01126-EV-1263b191c464ef04;V3-01126-EV-a7548d8f4714c9d6,RQ2.guidance.G08_personalisation;RQ3.scalability.S01_measured_runtime;RQ4.evaluation.E05_comparative_user;RQ4.evaluation.E06_offline_accuracy,G08_personalisation:implemented_or_demonstrated;S01_measured_runtime:implemented_or_demonstrated;E05_comparative_user:implemented_or_demonstrated;E06_offline_accuracy:implemented_or_demonstrated,"Contrary timing, counterbalanced tasks and log subsets retained; offline speedup is separate","Only one domain and one additional entity type were implemented/evaluated; small technical sample; five participants lacked logs; feed curation and different feed topics affect comparisons; shortened tasks; within-subjects carryover possible. Relevance includes the recommender’s own score, so it is not independent ground truth. Supplementary metric tables were not available in this local file; summary embeddings were future deployment work rather than the evaluated UI backend.; The reported20x author-centric engagement includes hover interactions; comparable author-homepage views increased about3x.; Extra time spent exploring is not evidence of faster task completion.; The formulation supports arbitrary entity types, but the evaluated prototype adds authors to paper exploration.",V3-00132;V3-00694;V3-01765,Only this nominated fact–context pair was target-checked; other current citation facts and synthesis conclusions are not certified.,retained_current_illustration_scoped,not_performed
V3-01155,V3-01155,principal;boundary;demo,ILL-V3-01155-01,376,Classified chat intent/entities alter shared form state,67cdd44166d1313f052cf10fc645ecfb61ae9dddc0cb34669112a96a23499a48,5,V3-01155-EV-57372e90a161eabe;V3-01155-EV-baa76ab5adedc1f3,RQ1.interaction.I06_free_language;RQ2.guidance.G05_template_entry,I06_free_language:implemented_or_demonstrated;G05_template_entry:implemented_or_demonstrated,Domain-constrained conversion; future trial and unrestricted language remain unestablished,"Not reported: participants, comparator, measures, results. Interview sample and procedure are not quantified; the proposed future user study has no reported outcomes. Hundreds of gigabytes in the motivation refer to collected raw sensor data, not an observed RDF graph or measured UI workload.",V3-00696;V3-00220,Only this nominated fact–context pair was target-checked; other current citation facts and synthesis conclusions are not certified.,retained_current_illustration_scoped,not_performed
V3-01218,V3-01218,principal;demo;boundary,ILL-V3-01218-01,338,Maps coordinated with semantically labelled change graph,befa9d98f342fc9e11b8be7d7692f76882fe907828007959ed09f242ed221ccf,4,V3-01218-EV-1fb95fe75edc2f5b;V3-01218-EV-8fcde394ab6b08ed;V3-01218-EV-bc9e0bc42ae7bc8b,RQ1.interaction.I08_coordinated_analysis;RQ1.visualisation.V01_node_link;RQ1.visualisation.V04_map,I08_coordinated_analysis:implemented_or_demonstrated;V01_node_link:implemented_or_demonstrated;V04_map:implemented_or_demonstrated,Geographic change interpretation; external evidence/general usability remain bounded,"Not reported: participants, comparator, measures. Future application-use study is proposed without design or sample; linked external evidence may be unavailable. Do not infer graph size or executed GeoSPARQL queries from ontology references.",V3-02367;V3-01242,Only this nominated fact–context pair was target-checked; other current citation facts and synthesis conclusions are not certified.,retained_current_illustration_scoped,not_performed
V3-01242,V3-01242,principal;demo;boundary,ILL-V3-01242-01,338,Gene Ontology hierarchy and typed gene filters,2c983cb0a4b1a0ba0fc8525b9d4acf88d587a4eda0adaa2540f7f2930a150d81,3,V3-01242-EV-055879c84a4f1f11;V3-01242-EV-4c8dee0be9d5c504,RQ1.interaction.I02_faceted_filtering;RQ1.visualisation.V02_outline_tree,I02_faceted_filtering:implemented_or_demonstrated;V02_outline_tree:implemented_or_demonstrated,Biological vocabulary context; no unreported view/user-effect/federation inference,"Not reported: participants, comparator, measures, results. No current user study, retrieval accuracy test or runtime/memory measurements. Over8000 gene entries are entities, not participants. Drug/biomarker applications and improved search/scalability claims are possibilities or author assertions, not measured effects.",V3-01218;V3-01093,Only this nominated fact–context pair was target-checked; other current citation facts and synthesis conclusions are not certified.,retained_current_illustration_scoped,not_performed
V3-01623,V3-01623,principal;contrasting;boundary,ILL-V3-01623-01,341,Query and result graphs related through bidirectional transformation,0464a761650b5358432a7e954e0ad85cb0415f254b5c06c73c154db7e9952b4b,3,V3-01623-EV-cef21c09f1cfbb14;V3-01623-EV-d6cf0e58edf44e44,RQ1.interaction.I03_visual_query;RQ1.interaction.I10_reuse_history;RQ2.interaction.I10_reuse_history,I03_visual_query:implemented_or_demonstrated;I10_reuse_history:implemented_or_demonstrated;I10_reuse_history:implemented_or_demonstrated,Transformation/reuse; DBpedia backend and ambiguous study allocation bound claims,"Small single-institution computing sample; allocation/crossover and which sample underlies each task result are unclear; ordered related tasks permit learning; comparative endpoint is constant but training is incompletely balanced. Figures report bars rather than a complete numeric result table. Do not infer a fully paired design or verified statistical significance from author superiority wording.; Support for Cypher/Gremlin is a proposed semantic mapping, not a documented empirical property-graph backend.; The paper’s characterization of competing interfaces is not used as evidence of those interfaces’ feature limitations.",V3-02946;V3-02190;V3-02191,Only this nominated fact–context pair was target-checked; other current citation facts and synthesis conclusions are not certified.,retained_current_illustration_scoped,not_performed
V3-01765,V3-01765,principal;boundary,ILL-V3-01765-01,445,Lower SUS in least-experienced subgroup,ce4b2fc00c52b47c25fe533e78a23b32f228d5ddd66d8552b33df487a20a4049,11,V3-01765-EV-0acae801b38a648e;V3-01765-EV-1d927e40895d71b4,RQ1.interaction.I01_entity_navigation;RQ3.scalability.S01_measured_runtime;RQ4.evaluation.E04_single_system_user,I01_entity_navigation:implemented_or_demonstrated;S01_measured_runtime:implemented_or_demonstrated;E04_single_system_user:implemented_or_demonstrated,Experience ratings and operation/deployment units stay separate; no randomized subgroup effect,"Small self-selected technical sample and domain-unfamiliar/no-label cadastral dataset; experience groups not randomized. Usage figures are analytics identifiers, not study participants. Tool comparison is an author-run dated scenario, not a controlled user comparison.; Current querying is limited to label searches; supporting faceted search is future work.; Intended lay-user suitability is not uniformly supported: novices rated usability lower.",V3-01126;V3-02539,Only this nominated fact–context pair was target-checked; other current citation facts and synthesis conclusions are not certified.,retained_current_illustration_scoped,not_performed
V3-02190,V3-02190,principal;boundary,ILL-V3-02190-01,341,Editing of a visual query graph,ce188db439ed0c02e0109906cc5a102d136b18483874585067619ba691688b89,6,V3-02190-EV-002bf3d1d9b4dfca;V3-02190-EV-be10bfe51f5030a3,RQ1.interaction.I03_visual_query;RQ1.visualisation.V01_node_link,I03_visual_query:implemented_or_demonstrated;V01_node_link:implemented_or_demonstrated,"Notation/editing, query-pattern role and version-specific qualitative study","Not reported: comparator. Small qualitative sample; no comparison with another interface, no aggregate task-time/accuracy effect estimate; study relates to an earlier workshop version.",V3-02191;V3-01623,Only this nominated fact–context pair was target-checked; other current citation facts and synthesis conclusions are not certified.,retained_current_illustration_scoped,not_performed
V3-02191,V3-02191,demo;boundary,ILL-V3-02191-01,341,SPARQL generated from visual query graph,b7eea51c7599194edb4aac172691ce578747e5298068434e3b3b1f170d54b115,3,V3-02191-EV-17d9a3c665022512;V3-02191-EV-95aacd36292e96c7;V3-02191-EV-a29895e841f53b2c,RQ1.interaction.I03_visual_query;RQ1.visualisation.V01_node_link;RQ1.visualisation.V03_table_list,I03_visual_query:implemented_or_demonstrated;V01_node_link:implemented_or_demonstrated;V03_table_list:implemented_or_demonstrated,"Necessary companion/demo distinction, never a second independent cohort","Not reported: participants, comparator, measures, results. The demo does not report a new participant sample/results; its cited study must not be counted as a second independent evaluation. Prototype lacks some notation elements.",V3-02190,Only this nominated fact–context pair was target-checked; other current citation facts and synthesis conclusions are not certified.,retained_current_illustration_scoped,not_performed
V3-02383,V3-02383,principal;contrasting;boundary;demo,ILL-V3-02383-01,390,Distinct Neo4j and in-memory RDF backends,a896ba3fbdef180a51b5b85617e549f5bb42aff270da63be265306b9865860b9,4,V3-02383-EV-6d9e426adb7acfe3;V3-02383-EV-8febd83f98004471;V3-02383-EV-e346cf498fabc265;V3-02383-EV-ffeb64ace0a0699e,RQ3.data_model.B01_rdf;RQ3.data_model.B02_property_graph;RQ3.data_model.B05_mixed_models;RQ3.access.A03_local_store,B01_rdf:implemented_or_demonstrated;B02_property_graph:implemented_or_demonstrated;B05_mixed_models:implemented_or_demonstrated;A03_local_store:implemented_or_demonstrated,Shared exploration concept without arbitrary query-language equivalence/control advantage,"Not reported: participants, tasks, comparator, measures, results. No controlled user study or quantified comparative scalability benchmark is reported in this demo paper.",V3-00949,Only this nominated fact–context pair was target-checked; other current citation facts and synthesis conclusions are not certified.,retained_current_illustration_scoped,not_performed
V3-02469,V3-02469,principal;boundary;contrasting,ILL-V3-02469-01,331,Computed associations may be absent from original RDF,851d655ecbafccd86fef0816c2c81ba2b29abcfa9be804f58015d8ba0bb62e83,5,V3-02469-EV-9e756d266a87bdb5;V3-02469-EV-aeb08e5b5163a788;V3-02469-EV-c1b34421e3b28d6d,RQ1.visualisation.V01_node_link;RQ2.guidance.G03_semantic_ranking,V01_node_link:implemented_or_demonstrated;G03_semantic_ranking:implemented_or_demonstrated,Source assertions distinguished from computed relationships and their similarity provenance,"Not reported: participants, comparator, measures, results. No controlled user study, quantified retrieval-quality comparison or latency benchmark is reported here; separate ranking paper must retain independent provenance.; Displayed edges are computed associations and can be absent from the source RDF graph; they are not automatically asserted KG facts.; The present client depends on Flash.",V3-00740;V3-02248,Only this nominated fact–context pair was target-checked; other current citation facts and synthesis conclusions are not certified.,retained_current_illustration_scoped,not_performed
